# duration,x^0,x^1,x^2,x^3,x^4,x^5,x^6,x^7,y^0,y^1,y^2,y^3,y^4,y^5,y^6,y^7,z^0,z^1,z^2,z^3,z^4,z^5,z^6,z^7,yaw^0,yaw^1,yaw^2,yaw^3,yaw^4,yaw^5,yaw^6,yaw^7
2.460000,1.007392,-0.103897,-0.980332,1.854908,-1.457184,0.605040,-0.130700,0.011552,1.521237,-0.022385,-0.374970,0.063895,0.105653,-0.077516,0.021763,-0.002240,0.475260,0.042525,0.594071,-0.326783,-0.045189,0.125397,-0.049024,0.006199,-0.000000,-0.000000,0.000000,0.000000,0.000000,-0.000000,0.000000,-0.000000
2.460000,0.908270,0.037179,-0.071443,0.023094,-0.091560,0.094673,-0.034452,0.004251,0.636126,-0.320517,0.110760,0.021403,-0.098647,0.095304,-0.037041,0.004985,1.467016,0.420279,0.006598,0.166178,-0.375415,0.265319,-0.085848,0.010631,-0.000000,-0.000000,0.000000,0.000000,0.000000,-0.000000,0.000000,-0.000000
2.460000,0.769536,-0.039431,-0.014464,0.042572,-0.261445,0.247982,-0.086632,0.010415,0.318699,-0.098296,-0.041234,0.179647,-0.113543,0.018964,0.004813,-0.001402,1.938927,-0.215075,0.053460,0.594251,-0.490550,0.050814,0.043762,-0.009492,0.000000,-0.000000,0.000000,-0.000000,0.000000,-0.000000,0.000000,-0.000000
2.460000,0.463566,-0.168775,-0.161379,0.032962,0.101046,-0.087085,0.027157,-0.003021,0.354355,0.098163,-0.023471,-0.153983,-0.142001,0.219068,-0.085285,0.010854,1.716560,-0.140471,0.273974,-0.294519,-0.225894,0.339657,-0.126938,0.015592,-0.000000,-0.000000,0.000000,0.000000,0.000000,-0.000000,0.000000,-0.000000
2.460000,-0.210894,-0.300338,-0.010400,-0.029011,0.045242,0.059446,-0.050189,0.009278,-0.286251,-0.415997,-0.017302,0.226101,-0.227986,0.083271,-0.007160,-0.000919,1.339981,0.177285,0.230689,0.228392,-0.652781,0.440880,-0.125460,0.013228,0.000000,-0.000000,0.000000,-0.000000,-0.000000,-0.000000,-0.000000,-0.000000
