# duration,x^0,x^1,x^2,x^3,x^4,x^5,x^6,x^7,y^0,y^1,y^2,y^3,y^4,y^5,y^6,y^7,z^0,z^1,z^2,z^3,z^4,z^5,z^6,z^7,yaw^0,yaw^1,yaw^2,yaw^3,yaw^4,yaw^5,yaw^6,yaw^7
2.220000,-0.505807,0.003467,0.085944,0.003088,-0.048432,0.040077,-0.014694,0.002037,-1.017512,0.025767,0.364276,-0.152317,0.059179,-0.034829,0.008439,-0.000462,0.509690,-0.018893,-0.195358,-0.027103,0.178489,-0.126854,0.041297,-0.005209,-0.000000,0.000000,0.000000,0.000000,0.000000,-0.000000,0.000000,-0.000000
2.220000,-0.273776,0.131143,0.012147,0.064436,-0.220626,0.216306,-0.084723,0.011514,-0.384805,0.094117,-0.159702,0.110310,0.077440,-0.110230,0.040904,-0.004850,0.262671,0.114212,0.170070,-0.085954,0.115150,-0.095200,0.033314,-0.004190,0.000000,-0.000000,0.000000,-0.000000,0.000000,-0.000000,0.000000,-0.000000
2.220000,0.004908,-0.010974,-0.246654,0.014507,0.291475,-0.195233,0.045987,-0.003512,-0.211274,0.187837,0.215431,0.192910,-0.478507,0.336230,-0.103655,0.012008,0.952060,0.343870,-0.019698,-0.027016,0.239096,-0.257650,0.093611,-0.011380,-0.000000,-0.000000,0.000000,-0.000000,0.000000,-0.000000,0.000000,-0.000000
2.220000,0.047524,0.089365,-0.114056,0.057941,0.261374,-0.232226,0.064279,-0.005558,0.668639,0.415143,-0.030390,0.040811,0.028293,-0.063118,0.022594,-0.002168,1.419034,-0.218922,-0.098741,0.208291,0.277517,-0.331886,0.116605,-0.013993,0.000000,-0.000000,0.000000,-0.000000,0.000000,-0.000000,0.000000,-0.000000
2.220000,0.361782,-0.185531,-0.281798,0.274399,-0.155378,0.107094,-0.044328,0.006580,1.299242,-0.050481,-0.050981,0.282235,-0.361721,0.271360,-0.100626,0.013796,1.809714,0.261158,-0.179078,-0.064477,0.077145,-0.042027,0.021517,-0.004450,-0.000000,-0.000000,0.000000,-0.000000,-0.000000,-0.000000,-0.000000,-0.000000
